{
  "timestamp": "2026-01-03T22:33:58.553777",
  "node": "julia",
  "dataset_size": 1000,
  "metrics": {
    "generation_time_s": 0.019265413284301758,
    "graph_connectivity": {
      "value": 2.8909536012026464,
      "time_s": 5.0067901611328125e-06
    },
    "graph_entropy": {
      "value": 3.6252925395965576,
      "time_s": 0.0011067390441894531
    },
    "semantic_coherence": {
      "value": 0.7499986244012071,
      "time_s": 0.12981176376342773
    }
  },
  "total_time_s": 0.15018892288208008
}