{
  "timestamp": "2026-01-03T23:44:22.061696",
  "node": "lumina",
  "dataset_size": 1000,
  "metrics": {
    "generation_time_s": 0.020568370819091797,
    "graph_connectivity": {
      "value": 2.892980308784862,
      "time_s": 5.7220458984375e-06
    },
    "graph_entropy": {
      "value": 3.6959686279296875,
      "time_s": 0.0011494159698486328
    },
    "semantic_coherence": {
      "value": 0.750065923906308,
      "time_s": 0.1286334991455078
    }
  },
  "total_time_s": 0.15035700798034668
}